Units: N,,,
Readings: Continuous,,,
X-Axis: Travel,,,
Travel Unit: mm,,,
Reading,Load,Travel,Time
1,0,0,0
2,0,0,0.127
3,0,0,0.178
4,0,0,0.227
5,0,0,0.278
6,0,0,0.327
7,0,0,0.377
8,0.005,0,0.427
9,0.005,0,0.477
10,0,0,0.527
11,0.005,0,0.578
12,0.005,0,0.627
13,0.005,0,0.678
14,0.005,0,0.727
15,0,0,0.777
16,0.005,0,0.828
17,0.005,0,0.878
18,0,0,0.927
19,0.005,0,0.977
20,0.005,0,1.027
21,0,0,1.078
22,0.005,0,1.127
23,0,0,1.178
24,0,0,1.227
25,0,0,1.278
26,0,0,1.329
27,0,0,1.377
28,0,0,1.428
29,0,0,1.477
30,0,0,1.527
31,0,0,1.577
32,0,0,1.627
33,0,0,1.677
34,0,0,1.727
35,0,0,1.778
36,0,0,1.827
37,0,0,1.877
38,0,0,1.927
39,0,0,1.977
40,0.005,0,2.027
41,0,0,2.078
42,0.205,-0.04,2.127
43,0,-0.12,2.177
44,-0.02,-0.22,2.227
45,-0.025,-0.3,2.277
46,-0.015,-0.38,2.327
47,0,-0.44,2.377
48,-0.2,-0.54,2.427
49,-0.16,-0.62,2.477
50,-0.01,-0.7,2.527
51,0.025,-0.78,2.577
52,-0.105,-0.88,2.627
53,-0.065,-0.96,2.677
54,0.105,-1.04,2.728
55,0.275,-1.1,2.777
56,0.245,-1.18,2.827
57,0.19,-1.28,2.877
58,0.38,-1.36,2.927
59,0.64,-1.44,2.977
60,0.85,-1.54,3.027
61,1.025,-1.62,3.077
62,1.485,-1.7,3.127
63,2.08,-1.76,3.177
64,2.58,-1.86,3.227
65,2.785,-1.94,3.277
66,3.28,-2.02,3.327
67,4.07,-2.12,3.378
68,4.68,-2.2,3.427
69,4.94,-2.28,3.477
70,5.475,-2.38,3.527
71,6.16,-2.42,3.578
72,6.14,-2.42,3.627
73,6.115,-2.42,3.677
74,6.115,-2.46,3.727
75,6.135,-2.46,3.777
76,6.15,-2.46,3.827
77,6.165,-2.46,3.877
78,6.165,-2.48,3.927
79,6.155,-2.48,3.977
80,6.135,-2.48,4.028
81,6.125,-2.48,4.077
82,6.115,-2.48,4.127
83,6.105,-2.48,4.177
84,6.095,-2.48,4.228
85,6.09,-2.48,4.277
86,6.08,-2.48,4.327
87,6.075,-2.48,4.377
88,6.065,-2.48,4.428
89,6.06,-2.48,4.477
90,6.055,-2.48,4.527
91,6.05,-2.48,4.577
92,6.045,-2.48,4.627
93,6.04,-2.48,4.677
94,6.035,-2.48,4.727
95,6.03,-2.48,4.777
96,6.025,-2.48,4.828
97,6.02,-2.48,4.877
98,6.02,-2.48,4.928
99,6.015,-2.48,4.977
100,6.01,-2.48,5.028
101,6.01,-2.48,5.077
102,6.005,-2.48,5.127
103,6,-2.48,5.177
104,6,-2.48,5.227
105,5.995,-2.48,5.277
106,5.995,-2.48,5.327
107,5.99,-2.48,5.377
108,5.985,-2.48,5.427
109,5.985,-2.48,5.478
110,5.98,-2.48,5.527
111,5.98,-2.48,5.577
112,5.98,-2.48,5.627
113,5.975,-2.48,5.677
114,5.975,-2.48,5.728
115,5.97,-2.48,5.777
116,5.965,-2.48,5.828
117,5.965,-2.48,5.877
118,5.965,-2.48,5.927
119,5.96,-2.48,5.977
120,5.96,-2.48,6.027
121,5.96,-2.48,6.077
122,5.955,-2.48,6.127
123,5.955,-2.48,6.178
124,5.95,-2.48,6.227
125,5.95,-2.48,6.277
126,5.95,-2.48,6.328
127,5.945,-2.48,6.377
128,5.945,-2.48,6.427
129,5.945,-2.48,6.478
130,5.94,-2.48,6.527
131,5.94,-2.48,6.578
132,5.94,-2.48,6.627
133,5.935,-2.48,6.677
134,5.935,-2.48,6.727
135,5.935,-2.48,6.778
136,5.93,-2.48,6.827
137,5.93,-2.48,6.877
138,5.93,-2.48,6.927
139,5.93,-2.48,6.978
140,5.925,-2.48,7.027
141,5.925,-2.48,7.077
142,5.925,-2.48,7.128
143,5.925,-2.48,7.178
144,5.925,-2.48,7.227
145,5.92,-2.48,7.278
146,5.92,-2.48,7.327
147,5.92,-2.48,7.377
148,5.92,-2.48,7.427
149,5.915,-2.48,7.477
150,5.915,-2.48,7.528
151,5.915,-2.48,7.577
152,5.91,-2.48,7.627
153,5.91,-2.48,7.677
154,5.91,-2.48,7.727
155,5.91,-2.48,7.777
156,5.91,-2.48,7.827
157,5.905,-2.48,7.877
158,5.905,-2.48,7.927
159,5.905,-2.48,7.977
160,5.905,-2.48,8.028
161,5.905,-2.48,8.078
162,5.9,-2.48,8.127
163,5.9,-2.48,8.178
164,5.9,-2.48,8.227
165,5.9,-2.48,8.277
166,5.9,-2.48,8.328
167,5.895,-2.48,8.377
168,5.895,-2.48,8.427
169,5.895,-2.48,8.477
170,5.895,-2.48,8.527
171,5.895,-2.48,8.577
172,5.895,-2.48,8.627
173,5.89,-2.48,8.677
174,5.89,-2.48,8.727
175,5.89,-2.48,8.777
176,5.89,-2.48,8.827
177,5.89,-2.48,8.877
178,5.89,-2.48,8.927
179,5.885,-2.48,8.977
180,5.885,-2.48,9.027
181,5.885,-2.48,9.077
182,5.885,-2.48,9.127
183,5.885,-2.48,9.177
184,5.885,-2.48,9.228
185,5.715,-2.42,9.277
186,4.945,-2.38,9.327
187,4.4,-2.28,9.377
188,3.92,-2.2,9.427
189,3.345,-2.12,9.478
190,2.805,-2.04,9.527
191,2.35,-1.98,9.578
192,1.885,-1.9,9.627
193,1.46,-1.82,9.678
194,1.07,-1.72,9.727
195,0.75,-1.66,9.778
196,0.48,-1.56,9.827
197,0.305,-1.48,9.878
198,0.19,-1.42,9.927
199,0.145,-1.34,9.978
200,0.075,-1.26,10.027
201,0.035,-1.18,10.077
202,0.085,-1.1,10.128
203,-0.045,-1.04,10.177
204,0.035,-0.96,10.227
205,0.015,-0.88,10.277
206,0.015,-0.8,10.327
207,0.015,-0.72,10.378
208,0.015,-0.62,10.427
209,0.015,-0.54,10.478
210,0.015,-0.5,10.527
211,0.015,-0.4,10.578
212,0.015,-0.32,10.627
213,0.015,-0.24,10.677
214,0.015,-0.16,10.727
215,0.015,-0.1,10.777
216,0.035,-0.04,10.827
217,0.015,-0.02,10.877
218,0.015,-0.02,10.927
219,0.11,-0.02,10.977
220,0,-0.02,11.027
221,0.13,-0.02,11.078
222,0.1,-0.02,11.127
223,0.13,0,11.178
224,0.14,0,11.227
225,0.105,0,11.278
226,-0.015,0,11.328
227,-0.02,0,11.377
228,-0.02,0,11.427
229,-0.02,0,11.478
230,-0.02,0,11.527
231,-0.105,0,11.578
232,-0.115,0,11.627
233,-0.115,0,11.677
