time_ms,L7,L6,L5,L4,L3,L2,L1,R7,R6,R5,R4,R3,R2,R1,
36910,32720,34191,32220,34239,20116,21816,32301,32727,30694,18651,31103,28424,29125,28747,
36961,32720,34152,32170,34205,20108,21831,32295,32690,30680,18609,31070,28396,29027,28776,
37012,32749,34129,32257,34212,20093,21859,32315,32728,30688,18623,31062,28382,29095,28783,
37062,32706,34145,32177,34252,20101,21809,32309,32743,30786,18616,31055,28389,29064,28797,
37113,32728,34168,32220,34293,20101,21809,32308,32705,30694,18623,31091,28403,29057,28783,
37163,32770,34114,32220,34286,20108,21809,32281,32728,30694,18595,31062,28432,29057,28783,
37214,32770,34168,32206,34266,20086,21830,32308,32681,30765,18623,31055,28396,29064,28783,
37265,32727,34114,32199,34286,20079,21866,32309,32735,30696,18623,31055,28417,29095,28797,
37316,32749,34130,32177,34232,20131,21830,32302,32705,30730,18694,31062,28396,29072,28804,
37367,32756,34145,32206,34218,20108,21830,32316,32728,30708,18623,31090,28360,29056,28783,
37418,32734,34137,32227,34225,20101,21866,32315,32750,30687,18616,31098,28411,29049,28790,
37469,32755,34122,32170,34232,20108,21837,32302,32697,30730,18594,31041,28367,29110,28776,
37519,32742,34168,32184,34232,20108,21830,32308,32744,30701,18609,31076,28417,29049,28769,
37570,32706,34160,32213,34225,20101,21816,32308,32720,30723,18602,31104,28396,29064,28790,
37621,32828,34122,32177,34287,20079,21858,32315,32683,30758,18595,31070,28396,29072,28790,
37672,32728,34137,32214,34218,20101,21852,32309,32705,30779,18630,31056,28367,29080,28776,
37723,32713,34145,32206,34300,20108,21809,32308,32705,30757,18637,31055,28396,29056,28797,
37774,32800,34153,32162,34226,20123,21873,32295,32705,30667,18595,31055,28424,29049,28776,
37825,32750,34129,32220,34225,20116,21866,32316,32721,30695,18609,31084,28389,29071,28776,
37876,32749,34137,32220,34232,20086,21873,32322,32697,30710,18637,31076,28381,29072,28790,
37927,32721,34168,32235,34286,20093,21887,32315,32706,30730,18595,31048,28403,29065,28783,
37978,32829,34098,32198,34273,20108,21831,32322,32773,30680,18609,31041,28389,29064,28804,
38029,32735,34183,32256,34280,20108,21880,32322,32728,30688,18665,31062,28389,29072,28776,
38080,32756,34153,32184,34273,20108,21816,32323,32712,30687,18616,31069,28425,29057,28762,
38131,32720,34145,32163,34212,20101,21837,32322,32706,30737,18616,31076,28418,29080,28769,
38182,32756,34106,32214,34232,20101,21830,32322,32728,30710,18623,31076,28375,29118,28790,
38232,32771,34160,32234,34239,20086,21859,32295,32713,30694,18616,31055,28375,29064,28783,
38283,32792,34160,32234,34266,20093,21809,32309,32683,30724,18588,31084,28367,29072,28797,
38334,32793,34129,32185,34300,20101,21816,32302,32689,30723,18630,31056,28389,29034,28790,
38385,32734,34114,32192,34219,20108,21823,32315,32713,30779,18623,31076,28389,29050,28790,
38436,32749,34199,32163,34219,20101,21852,32322,32697,30701,18672,31097,28367,29111,28790,
38488,32770,34152,32156,34232,20116,21823,32316,32736,30722,18609,31062,28396,29064,28797,
38538,32749,34137,32184,34279,20101,21809,32295,32728,30681,18679,31098,28410,29056,28783,
38589,32764,34207,32149,34252,20101,21859,32302,32751,30681,18623,31091,28382,29080,28776,
38640,32734,34160,32214,34266,20108,21823,32309,32744,30722,18679,31098,28382,29034,28769,
38692,32712,34153,32198,34273,20101,21823,32315,32689,30695,18616,31069,28403,29072,28769,
38742,32705,34215,32256,34239,20108,21788,32316,32690,30681,18602,31055,28374,29064,28769,
38793,32713,34138,32170,34259,20101,21802,32322,32705,30716,18630,31112,28367,29057,28776,
38843,32720,34137,32263,34232,20101,21788,32301,32683,30751,18609,31069,28375,29049,28790,
38894,32742,34145,32235,34252,20116,21816,32309,32698,30681,18616,31098,28396,29064,28797,
38945,32756,34107,32206,34260,20123,21859,32309,32728,30681,18658,31084,28425,29094,28797,
38996,32713,34137,32163,34238,20101,21837,32309,32705,30779,18630,31077,28410,29110,28783,
39046,32748,34137,32155,34259,20101,21837,32315,32712,30681,18609,31104,28389,29080,28790,
39097,32749,34145,32170,34212,20131,21859,32302,32736,30680,18644,31056,28375,29064,28769,
39148,32763,34168,32170,34246,20116,21830,32308,32705,30716,18644,31069,28389,29072,28790,
39199,32742,34153,32213,34259,20079,21831,32302,32743,30701,18644,31097,28389,29118,28776,
39250,32748,34122,32184,34225,20101,21816,32309,32705,30764,18616,31041,28403,29072,28797,
39301,32736,34130,32213,34273,20101,21851,32309,32721,30694,18630,31083,28381,29133,28790,
39352,32741,34153,32213,34266,20116,21802,32309,32728,30659,18651,31049,28374,29064,28776,
39402,32741,34176,32162,34252,20116,21838,32302,32728,30681,18602,31090,28374,29103,28769,
39453,32734,34145,32163,34259,20108,21802,32295,32744,30744,18637,31097,28403,29057,28769,
39504,32735,34129,32163,34211,20131,21831,32316,32712,30673,18644,31112,28389,29072,28783,
39555,32786,34114,32214,34273,20108,21837,32308,32689,30736,18644,31090,28410,29065,28790,
39626,32836,34106,32257,34239,20101,21859,32309,32758,30723,18623,31062,28446,29057,28783,
39678,32778,34122,32191,34232,20093,21837,32323,32691,30708,18679,31069,28396,29148,28783,
39730,32757,34137,32163,34219,20101,21838,32329,32728,30689,18630,31048,28374,29049,28783,
39781,32742,34130,32170,34205,20108,21838,32302,32720,30702,18630,31090,28367,29065,28783,
39831,32756,34160,32177,34205,20116,21852,32295,32697,30715,18609,31126,28389,29064,28776,
39882,32698,34153,32191,34225,20108,21837,32316,32759,30709,18623,31070,28374,29103,28783,
39933,32756,34107,32170,34259,20108,21816,32316,32697,30696,18602,31070,28410,29057,28783,
39984,32749,34137,32162,34253,20108,21873,32295,32705,30688,18637,31084,28367,29057,28790,
40035,32734,34153,32220,34219,20123,21809,32322,32751,30723,18602,31105,28381,29080,28783,
40085,32720,34145,32184,34211,20108,21809,32316,32713,30688,18602,31070,28410,29049,28776,
40136,32734,34168,32149,34212,20093,21859,32302,32751,30688,18602,31063,28382,29126,28776,
40188,32749,34161,32162,34246,20116,21866,32316,32728,30786,18616,31133,28396,29042,28797,
40238,32734,34145,32184,34225,20108,21823,32309,32697,30708,18609,31048,28425,29049,28783,
40289,32814,34137,32235,34225,20108,21838,32315,32736,30695,18630,31062,28382,29041,28797,
40340,32706,34153,32213,34246,20108,21816,32309,32736,30716,18623,31063,28382,29125,28783,
40391,32742,34130,32177,34225,20101,21852,32302,32697,30681,18637,31063,28411,29118,28783,
40442,32749,34122,32206,34259,20101,21823,32309,32705,30680,18616,31112,28396,29095,28783,
40493,32705,34145,32177,34226,20108,21852,32302,32766,30680,18623,31070,28417,29080,28783,
40544,32813,34160,32192,34239,20123,21880,32323,32682,30750,18616,31069,28397,29079,28775,
40594,32705,34114,32242,34232,20108,21816,32316,32712,30758,18665,31055,28461,29049,28797,
40645,32770,34153,32192,34252,20079,21837,32309,32743,30681,18594,31041,28533,29088,28776,
40696,32728,34145,32213,34225,20116,21887,32309,32720,30702,18630,31020,28612,29042,28783,
40746,32777,34153,32162,34273,20086,21845,32322,32728,30674,18630,30992,28662,29087,28790,
40797,32742,34145,32206,34239,20116,21837,32316,32697,30773,18594,30971,28827,29011,28783,
40847,32748,34129,32156,34239,20116,21809,32316,32698,30680,18573,30957,28920,29018,28790,
40898,32807,34122,32177,34239,20116,21887,32315,32728,30723,18552,30907,29021,28995,28811,
40949,32828,34129,32220,34239,20101,21873,32309,32683,30688,18552,30907,29129,28980,28804,
41000,32756,34137,32183,34272,20101,21866,32309,32713,30695,18538,30864,29265,29018,28818,
41051,32749,34184,32199,34218,20108,21816,32315,32721,30688,18587,30850,30098,29019,28838,
41101,32764,34130,32213,34273,20123,21859,32315,32721,30765,18567,30829,30938,28949,28825,
41153,32720,34145,32170,34252,20108,21816,32309,32698,30701,18510,30865,31793,28972,28825,
41204,32727,34145,32235,34239,20108,21852,32315,32774,30680,18503,30864,32842,28911,28811,
41254,32828,34114,32241,34272,20094,21816,32309,32712,30680,18538,30780,34982,28973,28811,
41305,32778,34184,32177,34252,20101,21823,32309,32752,30730,18510,30809,36038,28942,28818,
41356,32763,34107,32234,34272,20086,21852,32329,32744,30722,18517,30780,37231,28973,28790,
41407,32706,34199,32221,34212,20108,21831,32309,32713,30688,18482,30794,38229,29018,28797,
41458,32727,34137,32184,34239,20108,21852,32309,32736,30702,18517,30795,39379,29049,28811,
41508,32727,34184,32199,34246,20108,21859,32309,32713,30793,18489,30788,40694,29056,28789,
41559,32734,34138,32184,34307,20108,21802,32316,32735,30695,18489,30829,40600,29049,28790,
41609,32735,34168,32192,34238,20101,21852,32302,32759,30737,18503,30780,40643,29056,28790,
41660,32727,34152,32177,34260,20123,21823,32309,32720,30674,18475,30759,40736,29080,28783,
41711,32741,34130,32163,34246,20101,21816,32309,32705,30687,18524,30787,40736,29072,28797,
41761,32742,34129,32242,34253,20101,21859,32316,32750,30709,18503,30809,40759,29118,28783,
41812,32778,34199,32184,34266,20108,21816,32309,32705,30758,18524,30751,40873,29110,28797,
41863,32735,34137,32228,34219,20086,21866,32309,32751,30750,18482,30808,40866,29072,28797,
41914,32793,34176,32213,34239,20101,21816,32315,32766,30709,18517,30780,40880,29095,28804,
41965,32771,34114,32170,34287,20123,21837,32309,32728,30710,18489,30808,40837,29133,28818,
42016,32734,34160,32170,34279,20093,21809,32315,32704,30758,18482,30780,40830,29095,28804,
42067,32757,34161,32149,34225,20116,21866,32323,32705,30793,18538,30759,40787,29102,28790,
42117,32720,34114,32177,34266,20093,21823,32309,32705,30703,18510,30787,40808,29057,28804,
42169,32713,34146,32236,34259,20116,21838,32316,32712,30729,18496,30809,40758,29141,28797,
42220,32748,34129,32241,34219,20116,21816,32316,32697,30673,18489,30801,40737,29111,28804,
42271,32821,34137,32198,34232,20101,21830,32309,32743,30716,18496,30830,40780,29095,28783,
42322,32757,34145,32206,34239,20101,21880,32309,32735,30702,18474,30801,40743,29103,28797,
42374,32728,34152,32263,34253,20116,21830,32309,32713,30688,18496,30766,40737,29133,28797,
42424,32814,34145,32220,34252,20093,21816,32316,32736,30702,18531,30780,40679,29094,28790,
42475,32719,34138,32177,34272,20116,21823,32288,32758,30688,18489,30795,40707,29103,28797,
42526,32742,34169,32177,34225,20108,21823,32322,32705,30701,18496,30759,40707,29095,28804,
42576,32750,34152,32228,34239,20116,21837,32302,32706,30709,18482,30773,40722,29095,28797,
42627,32778,34207,32177,34226,20079,21831,32308,32712,30695,18559,30758,40672,29057,28797,
42678,32837,34137,32235,34266,20101,21852,32302,32735,30681,18510,30780,40672,29141,28790,
42728,32829,34145,32199,34239,20101,21823,32309,32721,30702,18496,30773,40679,29110,28797,
42779,32727,34129,32206,34259,20108,21823,32295,32766,30688,18482,30766,40657,29095,28804,
42830,32741,34137,32177,34232,20093,21866,32315,32720,30688,18482,30788,40643,29157,28797,
42880,32806,34121,32220,34232,20116,21816,32309,32751,30695,18503,30766,40643,29064,28797,
42931,32764,34183,32177,34239,20108,21809,32302,32712,30674,18496,30787,40643,29156,28783,
42982,32720,34099,32250,34219,20116,21816,32295,32720,30779,18489,30780,40615,29141,28811,
43032,32741,34130,32184,34232,20116,21859,32316,32735,30717,18482,30780,40657,29080,28804,
43084,32756,34153,32198,34293,20093,21866,32316,32758,30695,18510,30801,40629,29064,28790,
43134,32799,34122,32184,34232,20123,21831,32309,32697,30682,18482,30773,40579,29072,28790,
43185,32749,34137,32220,34314,20101,21852,32316,32721,30730,18475,30781,40601,29110,28804,
43236,32706,34137,32214,34286,20116,21816,32329,32721,30681,18496,30788,40607,29156,28804,
43287,32706,34184,32184,34253,20116,21845,32316,32721,30660,18489,30822,40600,29095,28804,
43338,32719,34153,32249,34259,20108,21838,32309,32698,30702,18552,30766,40600,29087,28804,
43389,32749,34098,32169,34259,20116,21838,32302,32750,30709,18538,30809,40629,29064,28804,
43440,32814,34137,32192,34266,20108,21831,32316,32690,30674,18482,30780,40592,29141,28797,
43490,32728,34176,32170,34225,20093,21823,32302,32728,30716,18489,30766,40585,29064,28790,
43542,32706,34153,32184,34212,20086,21866,32302,32744,30751,18510,30794,40607,29073,28804,
43592,32757,34099,32213,34239,20123,21873,32302,32721,30765,18468,30787,40579,29065,28811,
43644,32771,34145,32198,34232,20108,21859,32316,32720,30736,18538,30794,40614,29087,28818,
43694,32734,34122,32221,34233,20108,21859,32302,32759,30779,18538,30780,40607,29057,28825,
43745,32735,34153,32184,34286,20123,21845,32295,32720,30709,18503,30752,40564,29080,28804,
43796,32735,34121,32185,34306,20093,21866,32309,32697,30715,18524,30780,40549,29133,28797,
43847,32720,34145,32213,34286,20108,21802,32315,32698,30703,18482,30780,40608,29065,28790,
43898,32713,34145,32185,34259,20108,21830,32302,32705,30779,18531,30766,40578,29095,28818,
43949,32748,34114,32184,34273,20108,21852,32315,32766,30702,18461,30816,40564,29079,28790,
43999,32727,34238,32148,34266,20101,21852,32302,32728,30694,18482,30780,40579,29133,28804,
44050,32697,34145,32191,34259,20109,21824,32302,32751,30702,18496,30809,40565,29087,28804,
44101,32720,34137,32206,34300,20101,21837,32316,32728,30695,18510,30836,40557,29125,28811,
44153,32756,34152,32198,34252,20101,21838,32309,32705,30688,18503,30801,40578,29126,28790,
44227,32748,34137,32184,34239,20093,21887,32309,32728,30751,18524,30767,40550,29072,28790,
44278,32705,34121,32213,34273,20116,21866,32309,32728,30708,18545,30795,40549,29118,28797,
44329,32748,34160,32184,34286,20093,21880,32309,32744,30695,18489,30795,40600,29049,28797,
44379,32756,34122,32156,34273,20101,21831,32295,32706,30688,18510,30844,40529,29103,28797,
44430,32742,34153,32177,34239,20086,21809,32288,32705,30737,18531,30752,40521,29095,28811,
44481,32699,34160,32185,34212,20138,21837,32302,32698,30731,18503,30781,40535,29164,28769,
44532,32727,34137,32199,34239,20116,21859,32302,32751,30737,18468,30837,40528,29064,28783,
44583,32749,34153,32177,34259,20108,21831,32302,32728,30667,18489,30844,40492,29111,28790,
44634,32734,34153,32191,34266,20101,21795,32309,32697,30730,18538,30780,40528,29103,28804,
44685,32778,34130,32177,34279,20123,21838,32322,32720,30765,18496,30787,40521,29087,28790,
44735,32778,34121,32220,34238,20108,21816,32302,32720,30688,18524,30844,40571,29088,28783,
44786,32749,34129,32249,34253,20123,21873,32288,32751,30673,18482,30773,40557,29080,28804,
44838,32727,34145,32170,34232,20138,21838,32315,32706,30722,18475,30766,40521,29072,28790,
44888,32786,34122,32177,34259,20108,21831,32316,32759,30709,18489,30787,40550,29126,28796,
44939,32749,34130,32227,34272,20108,21823,32309,32751,30674,18467,30794,40536,29072,28811,
44990,32720,34230,32177,34212,20086,21823,32302,32712,30689,18560,30787,40550,29095,28804,
45041,32757,34191,32221,34239,20116,21852,32302,32767,30674,18482,30773,40514,29126,28804,
45092,32771,34122,32249,34219,20101,21866,32315,32690,30680,18447,30795,40522,29103,28804,
45143,32749,34176,32191,34225,20093,21859,32309,32728,30695,18468,30816,40514,29072,28797,
45193,32799,34122,32198,34246,20093,21887,32309,32720,30723,18481,30773,40507,29095,28817,
45245,32697,34137,32163,34239,20108,21809,32302,32720,30786,18510,30766,40499,29080,28790,
45296,32727,34176,32199,34232,20093,21845,32309,32698,30667,18496,30794,40499,29072,28783,
45346,32763,34099,32184,34286,20101,21838,32309,32735,30758,18517,30766,40521,29095,28804,
45397,32706,34177,32234,34232,20116,21809,32309,32727,30680,18510,30780,40536,29072,28797,
45448,32764,34168,32177,34232,20101,21873,32308,32743,30681,18475,30794,40522,29119,28790,
45499,32757,34137,32264,34245,20101,21845,32302,32729,30702,18538,30773,40493,29072,28790,
45549,32721,34153,32221,34219,20101,21845,32302,32697,30772,18531,30745,40486,29087,28804,
45600,32764,34114,32221,34314,20101,21830,32329,32705,30688,18503,30773,40485,29065,28797,
45651,32742,34153,32213,34273,20123,21823,32309,32721,30688,18468,30759,40492,29110,28811,
45702,32763,34153,32198,34239,20078,21802,32309,32751,30688,18489,30780,40521,29095,28790,
45753,32749,34129,32256,34246,20116,21802,32309,32713,30702,18517,30809,40486,29095,28797,
45804,32756,34153,32205,34239,20108,21845,32316,32706,30702,18474,30787,40485,29095,28797,
45854,32748,34161,32206,34266,20101,21894,32315,32744,30687,18460,30788,40492,29111,28790,
45905,32727,34137,32163,34239,20116,21837,32308,32721,30668,18510,30801,40471,29064,28783,
45956,32735,34145,32192,34218,20108,21830,32315,32713,30674,18482,30795,40478,29073,28811,
46007,32770,34160,32184,34252,20116,21859,32309,32751,30722,18475,30766,40485,29110,28797,
46058,32699,34176,32163,34232,20116,21823,32322,32721,30695,18517,30767,40471,29080,28790,
46109,32741,34206,32163,34239,20123,21838,32309,32720,30673,18517,30794,40500,29172,28804,
46161,32764,34161,32162,34252,20116,21859,32309,32697,30758,18524,30802,40464,29118,28790,
46211,32720,34192,32227,34239,20108,21866,32322,32705,30694,18489,30794,40478,29073,28790,
46262,32771,34168,32206,34266,20101,21838,32309,32720,30681,18538,30774,40492,29095,28797,
46313,32735,34114,32178,34212,20108,21823,32308,32767,30688,18475,30773,40456,29072,28790,
46364,32814,34192,32220,34239,20116,21845,32316,32752,30688,18510,30815,40457,29095,28804,
46415,32749,34145,32213,34219,20093,21845,32315,32790,30703,18489,30759,40464,29103,28783,
46466,32742,34114,32198,34232,20131,21844,32302,32704,30723,18524,30773,40514,29103,28804,
46516,32771,34168,32177,34226,20123,21845,32316,32751,30696,18475,30766,40464,29110,28804,
46567,32808,34099,32177,34239,20093,21809,32295,32728,30688,18510,30788,40457,29065,28797,
46618,32763,34168,32198,34272,20086,21873,32295,32713,30716,18482,30781,40493,29088,28797,
46668,32750,34160,32206,34233,20108,21859,32302,32751,30687,18475,30767,40485,29080,28804,
46719,32734,34145,32242,34287,20123,21809,32316,32705,30681,18496,30802,40464,29087,28783,
46770,32734,34122,32141,34239,20101,21838,32309,32728,30695,18517,30787,40449,29065,28783,
46821,32778,34192,32184,34273,20108,21866,32308,32744,30729,18517,30801,40435,29088,28804,
46872,32727,34176,32205,34280,20123,21830,32316,32705,30667,18552,30823,40471,29118,28790,
46923,32749,34130,32221,34259,20116,21837,32309,32721,30737,18468,30802,40478,29134,28797,
46973,32735,34122,32234,34273,20093,21851,32316,32759,30667,18559,30759,40435,29080,28804,
47025,32741,34098,32227,34239,20123,21873,32315,32714,30751,18482,30767,40492,29050,28804,
47076,32720,34161,32213,34287,20093,21809,32295,32713,30751,18524,30815,40450,29126,28797,
47127,32720,34207,32213,34246,20093,21831,32302,32727,30667,18489,30843,40478,29087,28790,
47178,32727,34192,32212,34279,20108,21859,32316,32728,30681,18482,30787,40450,29080,28790,
47229,32756,34145,32170,34232,20101,21837,32295,32736,30703,18482,30801,40450,29080,28804,
47280,32749,34114,32177,34273,20108,21838,32309,32706,30688,18489,30809,40464,29073,28790,
47331,32821,34145,32221,34252,20116,21816,32302,32736,30724,18482,30766,40464,29080,28790,
47382,32734,34168,32206,34246,20108,21788,32322,32744,30716,18552,30809,40435,29080,28790,
47433,32706,34145,32177,34279,20116,21816,32323,32728,30667,18538,30766,40449,29141,28804,
47484,32692,34130,32170,34252,20101,21852,32309,32713,30695,18538,30794,40471,29187,28804,
47535,32727,34160,32213,34272,20108,21816,32295,32683,30800,18475,30788,40442,29087,28804,
47585,32706,34199,32162,34232,20116,21823,32309,32728,30702,18475,30788,40485,29080,28790,
47636,32734,34137,32257,34226,20123,21837,32302,32698,30765,18496,30759,40435,29072,28790,
47687,32706,34137,32199,34280,20101,21802,32302,32713,30668,18461,30802,39947,29065,28804,
47739,32706,34122,32176,34273,20123,21816,32316,32774,30675,18503,30823,37641,29003,28797,
47789,32756,34145,32198,34232,20086,21816,32309,32735,30709,18517,30816,36534,28965,28797,
47840,32705,34168,32249,34273,20123,21823,32322,32721,30681,18510,30844,35528,29011,28818,
47890,32727,34106,32220,34239,20108,21816,32302,32759,30681,18531,30844,34516,28988,28825,
47941,32727,34169,32191,34239,20101,21852,32302,32705,30765,18517,30844,32469,28942,28811,
47992,32734,34168,32156,34245,20086,21838,32309,32766,30674,18588,30858,31571,28943,28811,
48043,32727,34153,32206,34225,20123,21831,32322,32690,30702,18517,30872,30673,28942,28825,
48094,32749,34114,32192,34252,20108,21795,32302,32697,30703,18524,30837,30185,28973,28818,
48145,32727,34122,32155,34273,20123,21880,32295,32720,30687,18510,30872,29610,29011,28811,
48196,32698,34153,32163,34225,20123,21830,32302,32705,30681,18475,30893,29201,28996,28804,
48247,32713,34192,32206,34239,20108,21823,32295,32713,30695,18609,30922,29093,29042,28797,
48297,32778,34114,32278,34259,20108,21816,32315,32728,30702,18545,30936,29022,29034,28790,
48348,32734,34121,32206,34232,20116,21823,32316,32728,30710,18545,31000,28942,29027,28783,
48399,32756,34184,32213,34253,20093,21844,32308,32728,30709,18531,30992,28784,29088,28783,
48450,32748,34192,32220,34273,20108,21852,32295,32713,30716,18552,31049,28713,29049,28769,
48500,32749,34122,32227,34273,20093,21845,32323,32697,30743,18581,31014,28647,29065,28776,
48551,32748,34169,32177,34253,20131,21809,32316,32728,30695,18658,31021,28597,29066,28769,
48602,32727,34145,32184,34212,20108,21802,32323,32713,30715,18552,31077,28583,29050,28776,
48652,32749,34137,32213,34212,20116,21816,32316,32729,30688,18567,31098,28576,29088,28776,
48703,32684,34130,32171,34266,20101,21838,32302,32728,30668,18588,31035,28562,29035,28783,
48754,32706,34129,32156,34253,20101,21809,32309,32720,30674,18609,31112,28583,29095,28776,
48805,32735,34168,32170,34225,20109,21823,32316,32721,30688,18581,31063,28561,29049,28783,
48856,32699,34160,32170,34239,20101,21816,32316,32690,30716,18630,31035,28511,29065,28769,
48907,32720,34137,32163,34300,20116,21838,32302,32736,30681,18602,31084,28540,29042,28769,
48958,32721,34137,32170,34225,20116,21816,32309,32760,30695,18588,31070,28568,29034,28762,
49009,32735,34153,32206,34286,20108,21837,32309,32751,30674,18616,31056,28547,29034,28783,
49060,32763,34106,32220,34300,20101,21852,32309,32689,30674,18651,31084,28568,29034,28776,
49111,32720,34168,32228,34212,20093,21795,32309,32713,30675,18630,31035,28540,29065,28776,
49161,32742,34152,32213,34239,20108,21851,32302,32690,30688,18616,31070,28532,29057,28776,
49212,32756,34099,32199,34252,20093,21830,32309,32713,30737,18630,31105,28504,29095,28776,
49263,32742,34160,32213,34273,20101,21823,32302,32720,30701,18658,31099,28533,29027,28776,
49313,32720,34153,32206,34287,20116,21831,32302,32751,30709,18630,31048,28539,29034,28762,
49364,32727,34145,32220,34239,20108,21816,32329,32705,30688,18573,31041,28532,29049,28755,
49415,32734,34152,32191,34219,20101,21816,32316,32698,30758,18616,31056,28497,29042,28762,
49466,32807,34176,32170,34239,20116,21802,32295,32736,30674,18588,31084,28525,29049,28790,
49517,32763,34130,32221,34286,20093,21873,32322,32720,30688,18595,31056,28525,29049,28769,
49568,32749,34176,32213,34239,20116,21859,32302,32697,30674,18623,31070,28518,29064,28762,
49619,32763,34183,32213,34232,20086,21844,32316,32697,30730,18602,31049,28489,29026,28769,
49689,32807,34153,32206,34219,20123,21831,32309,32759,30758,18651,31049,28497,29026,28769,
49742,32794,34145,32220,34259,20108,21816,32316,32774,30689,18588,31034,28497,29019,28769,
49793,32720,34191,32199,34212,20116,21838,32302,32697,30730,18616,31077,28475,29042,28769,
49844,32735,34130,32192,34232,20101,21873,32315,32721,30738,18581,31063,28482,29057,28769,
49896,32720,34184,32227,34286,20101,21859,32302,32744,30680,18581,31098,28504,29057,28776,
49946,32756,34191,32191,34252,20116,21816,32308,32712,30701,18637,31062,28496,29065,28769,
49997,32720,34168,32256,34280,20116,21823,32309,32713,30673,18609,31056,28518,29034,28776,
50048,32756,34122,32256,34300,20116,21873,32316,32759,30772,18609,31063,28482,29004,28769,
50098,32843,34169,32220,34246,20101,21838,32309,32767,30716,18595,31063,28468,29080,28776,
50149,32727,34106,32221,34212,20131,21831,32322,32728,30701,18687,31077,28518,29065,28776,
50200,32814,34106,32170,34252,20101,21866,32309,32736,30701,18644,31034,28511,29118,28762,
50251,32734,34160,32177,34260,20116,21809,32309,32736,30695,18602,31048,28504,29042,28790,
50302,32756,34183,32249,34259,20116,21823,32309,32706,30675,18602,31063,28497,29026,28754,
50353,32778,34168,32206,34232,20116,21844,32295,32743,30703,18616,31049,28475,29042,28769,
50404,32763,34122,32220,34218,20116,21830,32316,32729,30716,18616,31098,28497,29065,28783,
50455,32778,34122,32184,34252,20093,21823,32323,32736,30723,18673,31105,28490,29034,28776,
50506,32741,34153,32192,34253,20108,21816,32302,32705,30674,18644,31098,28461,29087,28769,
50558,32749,34223,32169,34252,20123,21823,32315,32743,30738,18630,31091,28468,29057,28790,
50609,32735,34215,32220,34307,20101,21830,32316,32690,30667,18616,31035,28482,29049,28783,
50660,32713,34145,32184,34252,20101,21809,32302,32705,30681,18580,31049,28482,29041,28783,
50711,32763,34160,32184,34232,20101,21830,32309,32736,30667,18651,31077,28475,29034,28762,
50762,32698,34137,32214,34205,20108,21824,32315,32736,30673,18602,31120,28482,29118,28769,
50813,32705,34130,32170,34239,20116,21866,32309,32712,30681,18616,31091,28511,29049,28776,
50863,32720,34129,32156,34232,20101,21845,32302,32713,30695,18651,31063,28482,29042,28776,
50914,32734,34130,32227,34218,20086,21816,32301,32690,30730,18609,31048,28482,29080,28776,
50965,32735,34145,32199,34293,20123,21816,32309,32728,30716,18609,31070,28497,29042,28762,
51016,32706,34137,32163,34226,20108,21802,32316,32736,30694,18594,31091,28453,29049,28790,
51067,32742,34122,32177,34225,20093,21830,32315,32698,30682,18672,31042,28475,29080,28783,
51118,32756,34129,32177,34205,20101,21816,32315,32706,30674,18630,31098,28489,29072,28776,
51169,32734,34137,32234,34279,20101,21816,32316,32706,30717,18651,31112,28432,29034,28762,
51220,32734,34152,32163,34266,20116,21831,32302,32712,30675,18595,31084,28468,29065,28762,
